First Name,Last Name,Gender,Email,Address
Dax,Vermeij,male,dax.vermeij@example.com,"3168 Fluitstraat, Eernewoude, Noord-Holland, Netherlands 8114 HG"
Eileen,Hol,female,eileen.hol@example.com,"6522 Øvreseterveien, Fotlandsvåg, Hedmark, Norway 1624"
Dzvenimira,Trinus,female,dzvenimira.trinus@example.com,"3004 Poznyakivskiy provulok, Rozdilna, Kiyivska, Ukraine 16096"
Gül,Nebioğlu,female,gul.nebioglu@example.com,"3014 Kushimoto Sk, Kırklareli, Hatay, Turkey 13470"
Oscar,Smith,male,oscar.smith@example.com,"2672 White Swan Road, Masterton, Waikato, New Zealand 28584"
